sample,org,dataset,gpair,phylum,class,junc_tpm
DRR083619_0_AG,Aphis_gossypii,AGos_pair,13,Arthropoda,Insecta,9.096272809465045
DRR083620_1_AG,Aphis_gossypii,AGos_pair,14,Arthropoda,Insecta,8.53288033021554
DRR083621_2_AG,Aphis_gossypii,AGos_pair,14,Arthropoda,Insecta,8.710629239284723
DRR083622_3_AG,Aphis_gossypii,AGos_pair,14,Arthropoda,Insecta,8.274006760357647
DRR083623_4_AG,Aphis_gossypii,AGos_pair,13,Arthropoda,Insecta,8.831640107675863
DRR083624_5_AG,Aphis_gossypii,AGos_pair,14,Arthropoda,Insecta,8.58781257481551
DRR083625_6_AG,Aphis_gossypii,AGos_pair,14,Arthropoda,Insecta,8.51027375718758
DRR083626_7_AG,Aphis_gossypii,AGos_pair,14,Arthropoda,Insecta,7.349862058894702
DRR083627_8_AG,Aphis_gossypii,AGos_pair,14,Arthropoda,Insecta,8.302751927334649
DRR083628_9_AG,Aphis_gossypii,AGos_pair,14,Arthropoda,Insecta,8.022010539920158
DRR083629_10_AG,Aphis_gossypii,AGos_pair,14,Arthropoda,Insecta,8.408275546565422
DRR083631_12_AG,Aphis_gossypii,AGos_pair,14,Arthropoda,Insecta,7.901244387577921
DRR083632_13_AG,Aphis_gossypii,AGos_pair,14,Arthropoda,Insecta,7.988424241800545
DRR083633_14_AG,Aphis_gossypii,AGos_pair,14,Arthropoda,Insecta,7.804886715277711
DRR083634_15_AG,Aphis_gossypii,AGos_pair,14,Arthropoda,Insecta,8.179491174515283
DRR083635_16_AG,Aphis_gossypii,AGos_pair,13,Arthropoda,Insecta,8.42387948523435
DRR083636_17_AG,Aphis_gossypii,AGos_pair,14,Arthropoda,Insecta,7.68991713374277
DRR124529_1_SG,Schistocerca_gregaria,SG_random,10,Arthropoda,Insecta,12.527604421078205
DRR124530_2_SG,Schistocerca_gregaria,SG_random,10,Arthropoda,Insecta,12.451534820588616
DRR124531_3_SG,Schistocerca_gregaria,SG_random,12,Arthropoda,Insecta,12.564850372154114
DRR124532_4_SG,Schistocerca_gregaria,SG_random,12,Arthropoda,Insecta,12.624261546486727
DRR124533_5_SG,Schistocerca_gregaria,SG_random,10,Arthropoda,Insecta,12.399098011123337
DRR124534_6_SG,Schistocerca_gregaria,SG_random,12,Arthropoda,Insecta,12.587964881653058
DRR124535_7_SG,Schistocerca_gregaria,SG_random,12,Arthropoda,Insecta,12.541483523429449
DRR124536_8_SG,Schistocerca_gregaria,SG_random,10,Arthropoda,Insecta,12.328311683303115
DRR124537_9_SG,Schistocerca_gregaria,SG_random,12,Arthropoda,Insecta,12.699917032763414
DRR124538_10_SG,Schistocerca_gregaria,SG_random,9,Arthropoda,Insecta,11.92144444057285
DRR124539_11_SG,Schistocerca_gregaria,SG_random,9,Arthropoda,Insecta,12.07224480916737
DRR124540_12_SG,Schistocerca_gregaria,SG_random,10,Arthropoda,Insecta,12.466289384874484
DRR124541_13_SG,Schistocerca_gregaria,SG_random,10,Arthropoda,Insecta,12.459473480755985
DRR124542_14_SG,Schistocerca_gregaria,SG_random,10,Arthropoda,Insecta,12.337323437126965
DRR124543_15_SG,Schistocerca_gregaria,SG_random,10,Arthropoda,Insecta,12.07337158118095
DRR124544_16_SG,Schistocerca_gregaria,SG_random,10,Arthropoda,Insecta,12.332603710247644
SRR10119796_0_SP,Scylla_paramamosain,SP_crus_transc,11,Arthropoda,Malacostraca,12.473676015325628
SRR10119797_1_SP,Scylla_paramamosain,SP_crus_transc,12,Arthropoda,Malacostraca,11.824799520224417
SRR10119798_2_SP,Scylla_paramamosain,SP_crus_transc,12,Arthropoda,Malacostraca,11.677744097185943
SRR10119799_3_SP,Scylla_paramamosain,SP_crus_transc,12,Arthropoda,Malacostraca,11.54493128930496
SRR10119800_4_SP,Scylla_paramamosain,SP_crus_transc,12,Arthropoda,Malacostraca,11.630120061986304
SRR10119801_5_SP,Scylla_paramamosain,SP_crus_transc,9,Arthropoda,Malacostraca,11.332321130504836
SRR10119802_6_SP,Scylla_paramamosain,SP_crus_transc,12,Arthropoda,Malacostraca,11.208906599925369
SRR10119803_7_SP,Scylla_paramamosain,SP_crus_transc,10,Arthropoda,Malacostraca,11.343326125152135
SRR10119804_8_SP,Scylla_paramamosain,SP_crus_transc,12,Arthropoda,Malacostraca,11.325627494287025
SRR1015410_0_AG,Aphis_glycines,AG_gexpr,14,Arthropoda,Insecta,9.985997534527048
SRR1015411_1_AG,Aphis_glycines,AG_gexpr,13,Arthropoda,Insecta,10.396551421957746
SRR1015412_2_AG,Aphis_glycines,AG_gexpr,12,Arthropoda,Insecta,10.472081818468125
SRR1015414_4_AG,Aphis_glycines,AG_gexpr,14,Arthropoda,Insecta,11.609897906439283
SRR1015415_5_AG,Aphis_glycines,AG_gexpr,14,Arthropoda,Insecta,11.381800330946637
SRR1015416_6_AG,Aphis_glycines,AG_gexpr,14,Arthropoda,Insecta,11.554336156459152
SRR1015418_8_AG,Aphis_glycines,AG_gexpr,12,Arthropoda,Insecta,10.893709031208084
SRR1015419_9_AG,Aphis_glycines,AG_gexpr,14,Arthropoda,Insecta,9.350963282924953
SRR1015420_10_AG,Aphis_glycines,AG_gexpr,12,Arthropoda,Insecta,10.111871953414537
SRR1015422_12_AG,Aphis_glycines,AG_gexpr,14,Arthropoda,Insecta,11.098901668908066
SRR1015423_13_AG,Aphis_glycines,AG_gexpr,14,Arthropoda,Insecta,9.591391751688338
SRR1015424_14_AG,Aphis_glycines,AG_gexpr,13,Arthropoda,Insecta,10.017616687389749
SRR1015425_15_AG,Aphis_glycines,AG_gexpr,12,Arthropoda,Insecta,10.039345380828946
SRR1015426_16_AG,Aphis_glycines,AG_gexpr,14,Arthropoda,Insecta,11.522427319239753
SRR1015427_17_AG,Aphis_glycines,AG_gexpr,13,Arthropoda,Insecta,11.5695638067734
SRR1015429_19_AG,Aphis_glycines,AG_gexpr,14,Arthropoda,Insecta,11.391490550025404
SRR1015430_20_AG,Aphis_glycines,AG_gexpr,14,Arthropoda,Insecta,9.532549169268224
SRR1015432_22_AG,Aphis_glycines,AG_gexpr,14,Arthropoda,Insecta,9.894260159891934
SRR1015435_24_AG,Aphis_glycines,AG_gexpr,14,Arthropoda,Insecta,9.985997534527048
SRR10874086_7_PA,Panulirus_argus,decapods,12,Arthropoda,Malacostraca,12.976294320592656
SRR10874088_9_PA,Panulirus_argus,decapods,12,Arthropoda,Malacostraca,12.582105867856141
SRR10874089_10_PA,Panulirus_argus,decapods,12,Arthropoda,Malacostraca,12.578514916991265
SRR1167035_0_ZN,Zootermopsis_nevadensis,ZN_transc,12,Arthropoda,Insecta,14.223308784504122
SRR1167037_1_ZN,Zootermopsis_nevadensis,ZN_transc,12,Arthropoda,Insecta,14.145589147653174
SRR1167040_3_ZN,Zootermopsis_nevadensis,ZN_transc,12,Arthropoda,Insecta,14.218883886973222
SRR1167041_4_ZN,Zootermopsis_nevadensis,ZN_transc,12,Arthropoda,Insecta,14.27421641730439
SRR1167042_5_ZN,Zootermopsis_nevadensis,ZN_transc,12,Arthropoda,Insecta,14.02890876642991
SRR1167044_7_ZN,Zootermopsis_nevadensis,ZN_transc,12,Arthropoda,Insecta,14.025135003670831
SRR1167247_9_ZN,Zootermopsis_nevadensis,ZN_transc,12,Arthropoda,Insecta,14.246102892701726
SRR1167255_10_ZN,Zootermopsis_nevadensis,ZN_transc,12,Arthropoda,Insecta,14.230390977716931
SRR1167256_11_ZN,Zootermopsis_nevadensis,ZN_transc,12,Arthropoda,Insecta,14.517503372251511
SRR1175281_0_BG,Blattella_germanica,BL_cockroach_transcriptome_polya,11,Arthropoda,Insecta,14.80501013676269
SRR1175299_1_BG,Blattella_germanica,BL_cockroach_transcriptome_polya,6,Arthropoda,Insecta,16.126125616488824
SRR1175306_2_BG,Blattella_germanica,BL_cockroach_transcriptome_polya,11,Arthropoda,Insecta,15.29197561846681
SRR12313777_0_DM,Drosophila_melanogaster,DM_polya,14,Arthropoda,Insecta,13.982779170564038
SRR12313778_1_DM,Drosophila_melanogaster,DM_polya,14,Arthropoda,Insecta,13.996777693940462
SRR12313779_2_DM,Drosophila_melanogaster,DM_polya,14,Arthropoda,Insecta,13.991972095055546
SRR12313780_3_DM,Drosophila_melanogaster,DM_polya,14,Arthropoda,Insecta,13.948189550562336
SRR12313781_4_DM,Drosophila_melanogaster,DM_polya,14,Arthropoda,Insecta,13.897874470699012
SRR12313782_5_DM,Drosophila_melanogaster,DM_polya,14,Arthropoda,Insecta,13.982581160107857
SRR12313783_6_DM,Drosophila_melanogaster,DM_polya,14,Arthropoda,Insecta,14.147220480016726
SRR12313784_7_DM,Drosophila_melanogaster,DM_polya,14,Arthropoda,Insecta,14.15859762606351
SRR12313785_8_DM,Drosophila_melanogaster,DM_polya,14,Arthropoda,Insecta,14.151121503364882
SRR12313786_9_DM,Drosophila_melanogaster,DM_polya,14,Arthropoda,Insecta,14.014583846129621
SRR12313787_10_DM,Drosophila_melanogaster,DM_polya,13,Arthropoda,Insecta,14.462222636845762
SRR12313788_11_DM,Drosophila_melanogaster,DM_polya,14,Arthropoda,Insecta,14.04791264559148
SRR12313789_12_DM,Drosophila_melanogaster,DM_polya,14,Arthropoda,Insecta,13.947943617260957
SRR12313790_13_DM,Drosophila_melanogaster,DM_polya,14,Arthropoda,Insecta,14.002423643109992
SRR12313791_14_DM,Drosophila_melanogaster,DM_polya,14,Arthropoda,Insecta,13.969281578332497
SRR12313792_15_DM,Drosophila_melanogaster,DM_polya,14,Arthropoda,Insecta,14.073099611638352
SRR12313793_16_DM,Drosophila_melanogaster,DM_polya,14,Arthropoda,Insecta,14.048249066011687
SRR12313794_17_DM,Drosophila_melanogaster,DM_polya,14,Arthropoda,Insecta,14.085610969206408
SRR12313795_18_DM,Drosophila_melanogaster,DM_polya,14,Arthropoda,Insecta,14.131467470931852
SRR12313796_19_DM,Drosophila_melanogaster,DM_polya,14,Arthropoda,Insecta,14.146172688016634
SRR12313797_20_DM,Drosophila_melanogaster,DM_polya,14,Arthropoda,Insecta,13.723858283012618
SRR12313798_21_DM,Drosophila_melanogaster,DM_polya,14,Arthropoda,Insecta,13.700473370909064
SRR12313799_22_DM,Drosophila_melanogaster,DM_polya,14,Arthropoda,Insecta,13.679777219661394
SRR12313800_23_DM,Drosophila_melanogaster,DM_polya,14,Arthropoda,Insecta,13.743610560312927
SRR12313801_24_DM,Drosophila_melanogaster,DM_polya,13,Arthropoda,Insecta,13.779706546503796
SRR12313802_25_DM,Drosophila_melanogaster,DM_polya,13,Arthropoda,Insecta,13.77117315764598
SRR12313803_26_DM,Drosophila_melanogaster,DM_polya,14,Arthropoda,Insecta,13.605610394203463
SRR12313804_27_DM,Drosophila_melanogaster,DM_polya,13,Arthropoda,Insecta,13.719748711792363
SRR12313805_28_DM,Drosophila_melanogaster,DM_polya,14,Arthropoda,Insecta,13.497025273852838
SRR12313806_29_DM,Drosophila_melanogaster,DM_polya,14,Arthropoda,Insecta,13.47091795086381
SRR12313807_30_DM,Drosophila_melanogaster,DM_polya,12,Arthropoda,Insecta,14.192823149114863
SRR12313808_31_DM,Drosophila_melanogaster,DM_polya,13,Arthropoda,Insecta,13.929136370603512
SRR12313809_32_DM,Drosophila_melanogaster,DM_polya,14,Arthropoda,Insecta,13.69913437547187
SRR12313810_33_DM,Drosophila_melanogaster,DM_polya,14,Arthropoda,Insecta,13.579110818485438
SRR12313811_34_DM,Drosophila_melanogaster,DM_polya,14,Arthropoda,Insecta,13.611109852823542
SRR12313812_35_DM,Drosophila_melanogaster,DM_polya,14,Arthropoda,Insecta,13.548121023862196
SRR12313813_36_DM,Drosophila_melanogaster,DM_polya,13,Arthropoda,Insecta,13.40299003840607
SRR12313814_37_DM,Drosophila_melanogaster,DM_polya,14,Arthropoda,Insecta,13.276293546688878
SRR12313815_38_DM,Drosophila_melanogaster,DM_polya,14,Arthropoda,Insecta,13.272337232246926
SRR12313816_39_DM,Drosophila_melanogaster,DM_polya,13,Arthropoda,Insecta,14.517240520276383
SRR12313817_40_DM,Drosophila_melanogaster,DM_polya,14,Arthropoda,Insecta,14.114188390419937
SRR12313818_41_DM,Drosophila_melanogaster,DM_polya,13,Arthropoda,Insecta,14.535418420704806
SRR12313819_42_DM,Drosophila_melanogaster,DM_polya,14,Arthropoda,Insecta,13.905259347963124
SRR12313823_43_DM,Drosophila_melanogaster,DM_polya,14,Arthropoda,Insecta,13.924758938600046
SRR12313824_44_DM,Drosophila_melanogaster,DM_polya,14,Arthropoda,Insecta,13.99564155342425
SRR12313825_45_DM,Drosophila_melanogaster,DM_polya,14,Arthropoda,Insecta,14.298132969808107
SRR12313826_46_DM,Drosophila_melanogaster,DM_polya,14,Arthropoda,Insecta,14.300426133828637
SRR12313827_47_DM,Drosophila_melanogaster,DM_polya,13,Arthropoda,Insecta,14.071933191366593
SRR12313828_48_DM,Drosophila_melanogaster,DM_polya,14,Arthropoda,Insecta,14.26983656317087
SRR12313829_49_DM,Drosophila_melanogaster,DM_polya,14,Arthropoda,Insecta,14.280123083333265
SRR12507556_3_OB,Octopus_bimaculoides,OB_cdna,12,Mollusca,Cephalopoda,13.040789765045302
SRR12507557_4_OB,Octopus_bimaculoides,OB_cdna,12,Mollusca,Cephalopoda,13.108845821056873
SRR12507558_5_OB,Octopus_bimaculoides,OB_cdna,12,Mollusca,Cephalopoda,13.150665955743174
SRR12507560_7_OB,Octopus_bimaculoides,OB_cdna,10,Mollusca,Cephalopoda,12.369538689666431
SRR12507562_9_OB,Octopus_bimaculoides,OB_cdna,12,Mollusca,Cephalopoda,14.135292722083847
SRR12507565_12_OB,Octopus_bimaculoides,OB_cdna,12,Mollusca,Cephalopoda,12.936156720317483
SRR12507566_13_OB,Octopus_bimaculoides,OB_cdna,12,Mollusca,Cephalopoda,13.253142733118656
SRR1257338_0_AG,Aphis_gossypii,AGos_transc4,14,Arthropoda,Insecta,12.25087090751347
SRR1257339_1_AG,Aphis_gossypii,AGos_transc4,14,Arthropoda,Insecta,13.401841266313053
SRR1257340_2_AG,Aphis_gossypii,AGos_transc4,14,Arthropoda,Insecta,12.621280340604093
SRR1259381_0_DM,Drosophila_melanogaster,diff_temps_DM,11,Arthropoda,Insecta,11.311111482656779
SRR1259383_2_DM,Drosophila_melanogaster,diff_temps_DM,14,Arthropoda,Insecta,10.789246412678832
SRR1259386_5_DM,Drosophila_melanogaster,diff_temps_DM,14,Arthropoda,Insecta,11.056363666016173
SRR1259388_7_DM,Drosophila_melanogaster,diff_temps_DM,11,Arthropoda,Insecta,11.040621278333054
SRR1259390_9_DM,Drosophila_melanogaster,diff_temps_DM,11,Arthropoda,Insecta,11.524149743498896
SRR1259392_11_DM,Drosophila_melanogaster,diff_temps_DM,14,Arthropoda,Insecta,11.12499174258711
SRR1259395_14_DM,Drosophila_melanogaster,diff_temps_DM,12,Arthropoda,Insecta,10.829970095106342
SRR1259401_20_DM,Drosophila_melanogaster,diff_temps_DM,11,Arthropoda,Insecta,10.95416661755411
SRR1259402_21_DM,Drosophila_melanogaster,diff_temps_DM,11,Arthropoda,Insecta,11.674802718668975
SRR1259403_22_DM,Drosophila_melanogaster,diff_temps_DM,14,Arthropoda,Insecta,11.112784567086473
SRR1259407_26_DM,Drosophila_melanogaster,diff_temps_DM,14,Arthropoda,Insecta,11.44055363864622
SRR1259409_28_DM,Drosophila_melanogaster,diff_temps_DM,14,Arthropoda,Insecta,11.501211027655875
SRR1259410_29_DM,Drosophila_melanogaster,diff_temps_DM,14,Arthropoda,Insecta,11.794101148900669
SRR1259411_30_DM,Drosophila_melanogaster,diff_temps_DM,14,Arthropoda,Insecta,11.048671830676799
SRR1259412_31_DM,Drosophila_melanogaster,diff_temps_DM,14,Arthropoda,Insecta,11.03679210401811
SRR1259413_32_DM,Drosophila_melanogaster,diff_temps_DM,14,Arthropoda,Insecta,10.932915403867119
SRR1259414_33_DM,Drosophila_melanogaster,diff_temps_DM,14,Arthropoda,Insecta,11.434449041828683
SRR1259415_34_DM,Drosophila_melanogaster,diff_temps_DM,14,Arthropoda,Insecta,10.881001618750485
SRR1259417_36_DM,Drosophila_melanogaster,diff_temps_DM,12,Arthropoda,Insecta,11.325502591724982
SRR1259420_39_DM,Drosophila_melanogaster,diff_temps_DM,14,Arthropoda,Insecta,11.623594866481563
SRR1259423_42_DM,Drosophila_melanogaster,diff_temps_DM,14,Arthropoda,Insecta,11.313591659192195
SRR1259424_43_DM,Drosophila_melanogaster,diff_temps_DM,14,Arthropoda,Insecta,11.862885898642688
SRR1259425_44_DM,Drosophila_melanogaster,diff_temps_DM,14,Arthropoda,Insecta,11.27860450064389
SRR12689926_11_PA,Panulirus_argus,decapods,3,Arthropoda,Malacostraca,14.018586822455395
SRR12689927_12_PA,Panulirus_argus,decapods,14,Arthropoda,Malacostraca,11.182392702396902
SRR12689928_13_PA,Panulirus_argus,decapods,14,Arthropoda,Malacostraca,11.445299612291567
SRR12689929_14_PA,Panulirus_argus,decapods,11,Arthropoda,Malacostraca,10.713215515703926
SRR12689930_15_PA,Panulirus_argus,decapods,14,Arthropoda,Malacostraca,12.570170072337266
SRR12689931_16_PA,Panulirus_argus,decapods,14,Arthropoda,Malacostraca,12.176503761038557
SRR12689932_17_PA,Panulirus_argus,decapods,14,Arthropoda,Malacostraca,13.152043648836896
SRR12689933_18_PA,Panulirus_argus,decapods,14,Arthropoda,Malacostraca,10.480841337473578
SRR12689934_19_PA,Panulirus_argus,decapods,14,Arthropoda,Malacostraca,11.051499041011002
SRR12689935_20_PA,Panulirus_argus,decapods,14,Arthropoda,Malacostraca,12.1095498723485
SRR12689936_21_PA,Panulirus_argus,decapods,14,Arthropoda,Malacostraca,11.401662529421372
SRR12689938_23_PA,Panulirus_argus,decapods,14,Arthropoda,Malacostraca,10.818349338699857
SRR12689939_24_PA,Panulirus_argus,decapods,12,Arthropoda,Malacostraca,11.35447394396932
SRR13052370_0_SI,Solenopsis_invicta,SI_transc,12,Arthropoda,Insecta,11.869728668975382
SRR13052371_1_SI,Solenopsis_invicta,SI_transc,12,Arthropoda,Insecta,12.108124838203302
SRR13052372_2_SI,Solenopsis_invicta,SI_transc,12,Arthropoda,Insecta,11.87896619872516
SRR13052373_3_SI,Solenopsis_invicta,SI_transc,12,Arthropoda,Insecta,11.875005786807604
SRR13052374_4_SI,Solenopsis_invicta,SI_transc,12,Arthropoda,Insecta,11.892363503788856
SRR13052375_5_SI,Solenopsis_invicta,SI_transc,12,Arthropoda,Insecta,12.014999105704044
SRR13052376_6_SI,Solenopsis_invicta,SI_transc,10,Arthropoda,Insecta,11.898703648186151
SRR13052377_7_SI,Solenopsis_invicta,SI_transc,10,Arthropoda,Insecta,11.915604941051733
SRR13052378_8_SI,Solenopsis_invicta,SI_transc,10,Arthropoda,Insecta,12.012202434201381
SRR1324810_46_AF,Artemia_franciscana,popphyl,12,Arthropoda,Branchiopoda,13.367264630393992
SRR1324811_47_AF,Artemia_franciscana,popphyl,12,Arthropoda,Branchiopoda,12.938759194281722
SRR1324812_48_AF,Artemia_franciscana,popphyl,12,Arthropoda,Branchiopoda,13.105775484889428
SRR1324813_49_AF,Artemia_franciscana,popphyl,12,Arthropoda,Branchiopoda,13.346015843330314
SRR1324814_50_AF,Artemia_franciscana,popphyl,12,Arthropoda,Branchiopoda,13.170021956437148
SRR1324815_51_AF,Artemia_franciscana,popphyl,12,Arthropoda,Branchiopoda,13.972266056983317
SRR1324816_52_AF,Artemia_franciscana,popphyl,12,Arthropoda,Branchiopoda,12.924280270127765
SRR1324817_53_AF,Artemia_franciscana,popphyl,12,Arthropoda,Branchiopoda,13.853438448295512
SRR1324818_54_AF,Artemia_franciscana,popphyl,12,Arthropoda,Branchiopoda,13.81575278329169
SRR1324819_55_AF,Artemia_franciscana,popphyl,12,Arthropoda,Branchiopoda,13.10708064244597
SRR1324885_121_CP,Culex_pipiens,popphyl,7,Arthropoda,Insecta,12.485469604238475
SRR1324886_122_CP,Culex_pipiens,popphyl,7,Arthropoda,Insecta,12.599054125448772
SRR1324887_123_CP,Culex_pipiens,popphyl,7,Arthropoda,Insecta,12.013252733391031
SRR1324888_124_CP,Culex_pipiens,popphyl,7,Arthropoda,Insecta,12.55215444518022
SRR1324889_125_CP,Culex_pipiens,popphyl,7,Arthropoda,Insecta,12.818526338803755
SRR1324890_126_CP,Culex_pipiens,popphyl,7,Arthropoda,Insecta,12.64535085437279
SRR1324891_127_CP,Culex_pipiens,popphyl,7,Arthropoda,Insecta,12.964080038417809
SRR1324892_128_CP,Culex_pipiens,popphyl,7,Arthropoda,Insecta,12.449650486900529
SRR1324893_129_CP,Culex_pipiens,popphyl,7,Arthropoda,Insecta,12.9525665223991
SRR1324894_130_CP,Culex_pipiens,popphyl,5,Arthropoda,Insecta,10.843372145330761
SRR1325089_325_PA,Physella_acuta,popphyl,10,Mollusca,,13.79543162573132
SRR1325090_326_PA,Physella_acuta,popphyl,10,Mollusca,,12.412853128748871
SRR1325091_327_PA,Physella_acuta,popphyl,7,Mollusca,,14.1153813916799
SRR1325092_328_PA,Physella_acuta,popphyl,11,Mollusca,,12.626350189792221
SRR1325093_329_PA,Physella_acuta,popphyl,8,Mollusca,,12.609949151397252
SRR1325094_330_PA,Physella_acuta,popphyl,8,Mollusca,,12.780821106399069
SRR1325095_331_PA,Physella_acuta,popphyl,12,Mollusca,,11.939123296239437
SRR1325096_332_PA,Physella_acuta,popphyl,11,Mollusca,,13.682416315236418
SRR1325097_333_PA,Physella_acuta,popphyl,10,Mollusca,,14.100048024391853
SRR1325102_338_RG,Reticulitermes_grassei,popphyl,12,Arthropoda,Insecta,12.873129313531862
SRR1325103_339_RG,Reticulitermes_grassei,popphyl,10,Arthropoda,Insecta,12.961296059930245
SRR1325104_340_RG,Reticulitermes_grassei,popphyl,12,Arthropoda,Insecta,13.284816655410445
SRR1325105_341_RG,Reticulitermes_grassei,popphyl,12,Arthropoda,Insecta,13.174862336143994
SRR1325106_342_RG,Reticulitermes_grassei,popphyl,12,Arthropoda,Insecta,12.709301440372178
SRR1325107_343_RG,Reticulitermes_grassei,popphyl,12,Arthropoda,Insecta,12.939118584295207
SRR1325108_344_RG,Reticulitermes_grassei,popphyl,12,Arthropoda,Insecta,12.88858144732692
SRR1325109_345_RG,Reticulitermes_grassei,popphyl,12,Arthropoda,Insecta,12.66601633025107
SRR1325110_346_RG,Reticulitermes_grassei,popphyl,12,Arthropoda,Insecta,12.949705030770007
SRR15082126_0_TC,Tribolium_castaneum,TC_transcriptome,10,Arthropoda,Insecta,11.88996478194302
SRR15082127_1_TC,Tribolium_castaneum,TC_transcriptome,10,Arthropoda,Insecta,11.853068283317393
SRR15082128_2_TC,Tribolium_castaneum,TC_transcriptome,10,Arthropoda,Insecta,11.821620155329644
SRR15082129_3_TC,Tribolium_castaneum,TC_transcriptome,10,Arthropoda,Insecta,11.861575836612621
SRR15082130_4_TC,Tribolium_castaneum,TC_transcriptome,10,Arthropoda,Insecta,11.916318240831478
SRR15082131_5_TC,Tribolium_castaneum,TC_transcriptome,10,Arthropoda,Insecta,11.862032702468984
SRR1554391_0_AG,Aphis_gossypii,AGos_transc2,14,Arthropoda,Insecta,11.956439966809146
SRR1583604_0_AA,Aedes_aegypti,AA_unknwon_transc,12,Arthropoda,Insecta,11.899350265554743
SRR1583606_1_AA,Aedes_aegypti,AA_unknwon_transc,12,Arthropoda,Insecta,11.775423476040478
SRR1583607_2_AA,Aedes_aegypti,AA_unknwon_transc,12,Arthropoda,Insecta,12.150691546029512
SRR1583608_3_AA,Aedes_aegypti,AA_unknwon_transc,12,Arthropoda,Insecta,11.87349931021288
SRR1596454_1_AG,Anopheles_gambiae,a.gambiae,12,Arthropoda,Insecta,9.907517857031287
SRR1596457_4_AG,Anopheles_gambiae,a.gambiae,12,Arthropoda,Insecta,9.714958937744578
SRR1596458_5_AG,Anopheles_gambiae,a.gambiae,11,Arthropoda,Insecta,10.911766269214553
SRR1596460_7_AG,Anopheles_gambiae,a.gambiae,12,Arthropoda,Insecta,10.470997728862352
SRR1596461_8_AG,Anopheles_gambiae,a.gambiae,12,Arthropoda,Insecta,10.713547849768878
SRR1596462_9_AG,Anopheles_gambiae,a.gambiae,12,Arthropoda,Insecta,10.332688844862842
SRR1596463_10_AG,Anopheles_gambiae,a.gambiae,12,Arthropoda,Insecta,10.360955288769267
SRR1596466_13_AG,Anopheles_gambiae,a.gambiae,12,Arthropoda,Insecta,10.381747544479301
SRR1596467_14_AG,Anopheles_gambiae,a.gambiae,12,Arthropoda,Insecta,10.317619482107006
SRR1596468_15_AG,Anopheles_gambiae,a.gambiae,10,Arthropoda,Insecta,11.849884552058526
SRR1596469_16_AG,Anopheles_gambiae,a.gambiae,12,Arthropoda,Insecta,10.304644535570167
SRR1596470_17_AG,Anopheles_gambiae,a.gambiae,12,Arthropoda,Insecta,10.198364736237526
SRR1596471_18_AG,Anopheles_gambiae,a.gambiae,12,Arthropoda,Insecta,12.217366116271421
SRR1596472_19_AG,Anopheles_gambiae,a.gambiae,12,Arthropoda,Insecta,12.243677685403439
SRR1596475_22_AG,Anopheles_gambiae,a.gambiae,12,Arthropoda,Insecta,12.303259454623662
SRR1596476_23_AG,Anopheles_gambiae,a.gambiae,12,Arthropoda,Insecta,12.510759380634127
SRR1596477_24_AG,Anopheles_gambiae,a.gambiae,11,Arthropoda,Insecta,12.605509113315641
SRR1596478_25_AG,Anopheles_gambiae,a.gambiae,12,Arthropoda,Insecta,12.900139434645551
SRR1596479_26_AG,Anopheles_gambiae,a.gambiae,12,Arthropoda,Insecta,12.352672463829371
SRR1596480_27_AG,Anopheles_gambiae,a.gambiae,12,Arthropoda,Insecta,12.718292512104348
SRR1596481_28_AG,Anopheles_gambiae,a.gambiae,11,Arthropoda,Insecta,11.019598542735718
SRR1596482_29_AG,Anopheles_gambiae,a.gambiae,9,Arthropoda,Insecta,11.138640557450865
SRR1596483_30_AG,Anopheles_gambiae,a.gambiae,12,Arthropoda,Insecta,12.53155073320957
SRR1596484_31_AG,Anopheles_gambiae,a.gambiae,11,Arthropoda,Insecta,12.7070954113999
SRR1596485_32_AG,Anopheles_gambiae,a.gambiae,12,Arthropoda,Insecta,12.318771363688365
SRR1596486_33_AG,Anopheles_gambiae,a.gambiae,10,Arthropoda,Insecta,12.886121012943201
SRR1596487_34_AG,Anopheles_gambiae,a.gambiae,12,Arthropoda,Insecta,12.42224273527062
SRR1596488_35_AG,Anopheles_gambiae,a.gambiae,12,Arthropoda,Insecta,12.452760836523291
SRR1596489_36_AG,Anopheles_gambiae,a.gambiae,10,Arthropoda,Insecta,11.77383677641137
SRR1596490_37_AG,Anopheles_gambiae,a.gambiae,12,Arthropoda,Insecta,11.208557584302326
SRR1596491_38_AG,Anopheles_gambiae,a.gambiae,12,Arthropoda,Insecta,12.473116468173925
SRR1596492_39_AG,Anopheles_gambiae,a.gambiae,12,Arthropoda,Insecta,12.796250396298513
SRR1648121_0_SI,Solenopsis_invicta,SI_random_transc,12,Arthropoda,Insecta,12.95801800671714
SRR1648125_1_SI,Solenopsis_invicta,SI_random_transc,12,Arthropoda,Insecta,12.786749782315532
SRR1648126_2_SI,Solenopsis_invicta,SI_random_transc,12,Arthropoda,Insecta,13.018459791593004
SRR1703263_0_AG,Aphis_glycines,AP_transc2,14,Arthropoda,Insecta,11.101957797956658
SRR1703264_1_AG,Aphis_glycines,AP_transc2,14,Arthropoda,Insecta,10.816367355262098
SRR1703265_2_AG,Aphis_glycines,AP_transc2,14,Arthropoda,Insecta,11.03877442893772
SRR1703266_3_AG,Aphis_glycines,AP_transc2,14,Arthropoda,Insecta,11.531144932624114
SRR1703267_4_AG,Aphis_glycines,AP_transc2,14,Arthropoda,Insecta,11.40424633764307
SRR1703268_5_AG,Aphis_glycines,AP_transc2,14,Arthropoda,Insecta,11.676999441147604
SRR1703269_6_AG,Aphis_glycines,AP_transc2,14,Arthropoda,Insecta,10.492969013849475
SRR1703270_7_AG,Aphis_glycines,AP_transc2,14,Arthropoda,Insecta,10.725024365367881
SRR1703271_8_AG,Aphis_glycines,AP_transc2,14,Arthropoda,Insecta,10.64579369160852
SRR1703272_9_AG,Aphis_glycines,AP_transc2,14,Arthropoda,Insecta,11.18438079471662
SRR1703273_10_AG,Aphis_glycines,AP_transc2,14,Arthropoda,Insecta,10.964749855578532
SRR1703274_11_AG,Aphis_glycines,AP_transc2,14,Arthropoda,Insecta,10.736344516384595
SRR1813819_1_AG,Aphis_gossypii,AGos_transc2,14,Arthropoda,Insecta,11.882806466587637
SRR1813821_2_AG,Aphis_gossypii,AGos_transc2,14,Arthropoda,Insecta,12.223246959171044
SRR1813826_3_AG,Aphis_gossypii,AGos_transc2,14,Arthropoda,Insecta,11.832265183988573
SRR1945074_0_LH,Linepithema_humile,LH_queen_transc,12,Arthropoda,Insecta,12.338651044012252
SRR1945090_1_LH,Linepithema_humile,LH_queen_transc,12,Arthropoda,Insecta,12.297799530194089
SRR1945172_2_LH,Linepithema_humile,LH_queen_transc,11,Arthropoda,Insecta,12.22674032686155
SRR1945261_3_LH,Linepithema_humile,LH_queen_transc,12,Arthropoda,Insecta,12.605364898501543
SRR1947297_4_LH,Linepithema_humile,LH_queen_transc,12,Arthropoda,Insecta,12.06034294085218
SRR1947301_6_LH,Linepithema_humile,LH_queen_transc,11,Arthropoda,Insecta,12.396978471404799
SRR1948104_7_LH,Linepithema_humile,LH_queen_transc,12,Arthropoda,Insecta,12.235929171276885
SRR1948105_8_LH,Linepithema_humile,LH_queen_transc,12,Arthropoda,Insecta,12.45511397032363
SRR1948182_9_LH,Linepithema_humile,LH_queen_transc,11,Arthropoda,Insecta,12.667030449650262
SRR1948184_10_LH,Linepithema_humile,LH_queen_transc,12,Arthropoda,Insecta,12.644813724468953
SRR1948185_11_LH,Linepithema_humile,LH_queen_transc,11,Arthropoda,Insecta,12.34763440765064
SRR1948229_12_LH,Linepithema_humile,LH_queen_transc,11,Arthropoda,Insecta,12.373723122733976
SRR1948236_15_LH,Linepithema_humile,LH_queen_transc,12,Arthropoda,Insecta,12.3465087374274
SRR1948238_16_LH,Linepithema_humile,LH_queen_transc,12,Arthropoda,Insecta,12.403131066533346
SRR1948276_19_LH,Linepithema_humile,LH_queen_transc,12,Arthropoda,Insecta,12.525809054879659
SRR1948279_20_LH,Linepithema_humile,LH_queen_transc,12,Arthropoda,Insecta,12.345515969213118
SRR1948288_21_LH,Linepithema_humile,LH_queen_transc,12,Arthropoda,Insecta,12.400068634984562
SRR1948294_22_LH,Linepithema_humile,LH_queen_transc,12,Arthropoda,Insecta,12.471906842392857
SRR1948348_23_LH,Linepithema_humile,LH_queen_transc,12,Arthropoda,Insecta,12.545039828779979
SRR2062280_0_PX,Plutella_xylostella,PX_random_transc,11,Arthropoda,Insecta,10.147440830183516
SRR2062281_1_PX,Plutella_xylostella,PX_random_transc,8,Arthropoda,Insecta,10.854575517532727
SRR2168747_0_BT,Bemisia_tabaci,BT_transc1,12,Arthropoda,Insecta,8.284264727483544
SRR2168751_1_BT,Bemisia_tabaci,BT_transc1,12,Arthropoda,Insecta,9.935483424341133
SRR2174309_2_BT,Bemisia_tabaci,BT_transc1,12,Arthropoda,Insecta,8.667293062033634
SRR2174310_3_BT,Bemisia_tabaci,BT_transc1,11,Arthropoda,Insecta,9.763483450958985
SRR2174311_4_BT,Bemisia_tabaci,BT_transc1,12,Arthropoda,Insecta,8.839693918138925
SRR2174312_5_BT,Bemisia_tabaci,BT_transc1,11,Arthropoda,Insecta,9.386913390067052
SRR2174316_6_BT,Bemisia_tabaci,BT_transc1,10,Arthropoda,Insecta,8.86769376601201
SRR2174318_7_BT,Bemisia_tabaci,BT_transc1,11,Arthropoda,Insecta,9.484565664631932
SRR2174322_8_BT,Bemisia_tabaci,BT_transc1,12,Arthropoda,Insecta,9.557438757942974
SRR2174324_9_BT,Bemisia_tabaci,BT_transc1,12,Arthropoda,Insecta,9.227836048667035
SRR2174325_10_BT,Bemisia_tabaci,BT_transc1,12,Arthropoda,Insecta,8.639665639290579
SRR2174326_11_BT,Bemisia_tabaci,BT_transc1,12,Arthropoda,Insecta,9.996412382633919
SRR2616680_0_LP,Limulus_polyphemus,LP_transcriptome_polya,12,Arthropoda,Merostomata,13.821833217424283
SRR304667_0_AG,Aphis_glycines,AG_transcriptome,13,Arthropoda,Insecta,12.92408205929302
SRR304669_1_AG,Aphis_glycines,AG_transcriptome,9,Arthropoda,Insecta,12.563856993274284
SRR304670_2_AG,Aphis_glycines,AG_transcriptome,14,Arthropoda,Insecta,11.962596332364807
SRR3623302_1_PX,Plutella_xylostella,PX_rna,12,Arthropoda,Insecta,11.558320375777312
SRR3623303_2_PX,Plutella_xylostella,PX_rna,12,Arthropoda,Insecta,12.598344135436621
SRR3623304_3_PX,Plutella_xylostella,PX_rna,9,Arthropoda,Insecta,10.906705853359574
SRR3984982_1_LP,Limulus_polyphemus,LP_transcriptome_polya,12,Arthropoda,Merostomata,13.708512778283009
SRR3987665_2_LP,Limulus_polyphemus,LP_transcriptome_polya,12,Arthropoda,Merostomata,14.015895156910164
SRR4019001_2_LS,Laodelphax_striatellus,NL_LS_SF_transc,11,Arthropoda,Insecta,11.421641204732042
SRR4019085_3_LS,Laodelphax_striatellus,NL_LS_SF_transc,11,Arthropoda,Insecta,10.826283607820717
SRR4019086_4_LS,Laodelphax_striatellus,NL_LS_SF_transc,11,Arthropoda,Insecta,11.057310429157845
SRR4020768_9_LS,Laodelphax_striatellus,NL_LS_SF_transc,11,Arthropoda,Insecta,8.981560665219765
SRR4215559_0_LP,Limulus_polyphemus,LP_transcriptome,12,Arthropoda,Merostomata,13.816417574740482
SRR4215560_1_LP,Limulus_polyphemus,LP_transcriptome,12,Arthropoda,Merostomata,13.88147172534809
SRR4215561_2_LP,Limulus_polyphemus,LP_transcriptome,12,Arthropoda,Merostomata,13.650203607966253
SRR4215562_3_LP,Limulus_polyphemus,LP_transcriptome,12,Arthropoda,Merostomata,13.845517092937717
SRR4240472_12_ZN,Zootermopsis_nevadensis,ZN_transc,11,Arthropoda,Insecta,13.525433132945494
SRR4425244_0_BM,Bombyx_mori,BM_transcriptome_random,12,Arthropoda,Insecta,13.28323409747749
SRR4425245_1_BM,Bombyx_mori,BM_transcriptome_random,12,Arthropoda,Insecta,13.340669915853058
SRR4425246_2_BM,Bombyx_mori,BM_transcriptome_random,12,Arthropoda,Insecta,13.387669861341903
SRR4425247_3_BM,Bombyx_mori,BM_transcriptome_random,12,Arthropoda,Insecta,13.144198149866709
SRR4425248_4_BM,Bombyx_mori,BM_transcriptome_random,12,Arthropoda,Insecta,13.044111458391242
SRR4425249_5_BM,Bombyx_mori,BM_transcriptome_random,12,Arthropoda,Insecta,13.129463094529354
SRR4425250_6_BM,Bombyx_mori,BM_transcriptome_random,8,Arthropoda,Insecta,11.889407801267685
SRR4425251_7_BM,Bombyx_mori,BM_transcriptome_random,8,Arthropoda,Insecta,12.171444905491754
SRR4425252_8_BM,Bombyx_mori,BM_transcriptome_random,12,Arthropoda,Insecta,13.224497969969384
SRR4425253_9_BM,Bombyx_mori,BM_transcriptome_random,12,Arthropoda,Insecta,13.243539141006769
SRR4425254_10_BM,Bombyx_mori,BM_transcriptome_random,12,Arthropoda,Insecta,13.355888912902484
SRR4425255_11_BM,Bombyx_mori,BM_transcriptome_random,12,Arthropoda,Insecta,13.4290447065838
SRR4425256_12_BM,Bombyx_mori,BM_transcriptome_random,12,Arthropoda,Insecta,12.89867062068226
SRR4425257_13_BM,Bombyx_mori,BM_transcriptome_random,12,Arthropoda,Insecta,13.2276031657009
SRR4425258_14_BM,Bombyx_mori,BM_transcriptome_random,12,Arthropoda,Insecta,13.390359767201202
SRR4425259_15_BM,Bombyx_mori,BM_transcriptome_random,12,Arthropoda,Insecta,12.877537907660185
SRR4425260_16_BM,Bombyx_mori,BM_transcriptome_random,12,Arthropoda,Insecta,13.239046084588812
SRR4425261_17_BM,Bombyx_mori,BM_transcriptome_random,10,Arthropoda,Insecta,12.960259192344585
SRR453538_0_BT,Bemisia_tabaci,BT_transc2,6,Arthropoda,Insecta,10.890943034314136
SRR453539_1_BT,Bemisia_tabaci,BT_transc2,10,Arthropoda,Insecta,9.519537842787926
SRR453540_2_BT,Bemisia_tabaci,BT_transc2,12,Arthropoda,Insecta,9.392387523945159
SRR453541_3_BT,Bemisia_tabaci,BT_transc2,12,Arthropoda,Insecta,11.111762345945309
SRR453542_4_BT,Bemisia_tabaci,BT_transc2,11,Arthropoda,Insecta,8.95772996118368
SRR453543_5_BT,Bemisia_tabaci,BT_transc2,12,Arthropoda,Insecta,9.7717403195263
SRR453544_6_BT,Bemisia_tabaci,BT_transc2,12,Arthropoda,Insecta,9.151800354337395
SRR453545_7_BT,Bemisia_tabaci,BT_transc2,10,Arthropoda,Insecta,9.115805812361398
SRR5447492_0_PR,Pieris_rapae,PR_transc,10,Arthropoda,Insecta,14.629370278751779
SRR5447493_1_PR,Pieris_rapae,PR_transc,10,Arthropoda,Insecta,14.715680704827227
SRR5447494_2_PR,Pieris_rapae,PR_transc,12,Arthropoda,Insecta,14.003832538468089
SRR5447495_3_PR,Pieris_rapae,PR_transc,11,Arthropoda,Insecta,14.096136678616
SRR5447496_4_PR,Pieris_rapae,PR_transc,10,Arthropoda,Insecta,14.460605271130897
SRR5447497_5_PR,Pieris_rapae,PR_transc,12,Arthropoda,Insecta,13.895111458858649
SRR5447498_6_PR,Pieris_rapae,PR_transc,12,Arthropoda,Insecta,13.992911494038077
SRR5447499_7_PR,Pieris_rapae,PR_transc,12,Arthropoda,Insecta,14.039547072301032
SRR5447500_8_PR,Pieris_rapae,PR_transc,12,Arthropoda,Insecta,13.927954713241782
SRR5447501_9_PR,Pieris_rapae,PR_transc,12,Arthropoda,Insecta,13.885473596494846
SRR5447502_10_PR,Pieris_rapae,PR_transc,10,Arthropoda,Insecta,14.47401220725087
SRR5447504_12_PR,Pieris_rapae,PR_transc,12,Arthropoda,Insecta,13.910853999520034
SRR5447505_13_PR,Pieris_rapae,PR_transc,11,Arthropoda,Insecta,14.264812208513103
SRR5447506_14_PR,Pieris_rapae,PR_transc,12,Arthropoda,Insecta,13.973208579995045
SRR5447507_15_PR,Pieris_rapae,PR_transc,10,Arthropoda,Insecta,14.596501144468888
SRR5447508_16_PR,Pieris_rapae,PR_transc,12,Arthropoda,Insecta,13.734705716944326
SRR5447509_17_PR,Pieris_rapae,PR_transc,10,Arthropoda,Insecta,14.599975038975904
SRR5447510_18_PR,Pieris_rapae,PR_transc,12,Arthropoda,Insecta,14.015621879440701
SRR5447511_19_PR,Pieris_rapae,PR_transc,12,Arthropoda,Insecta,14.035493738031425
SRR5447512_20_PR,Pieris_rapae,PR_transc,12,Arthropoda,Insecta,12.238586854804524
SRR5447513_21_PR,Pieris_rapae,PR_transc,10,Arthropoda,Insecta,12.64849757537326
SRR5447514_22_PR,Pieris_rapae,PR_transc,9,Arthropoda,Insecta,12.854341964907748
SRR5447515_23_PR,Pieris_rapae,PR_transc,10,Arthropoda,Insecta,12.570508326133758
SRR5447516_24_PR,Pieris_rapae,PR_transc,10,Arthropoda,Insecta,12.829742806977444
SRR5447517_25_PR,Pieris_rapae,PR_transc,10,Arthropoda,Insecta,12.474529581378363
SRR5447518_26_PR,Pieris_rapae,PR_transc,10,Arthropoda,Insecta,12.091560318326733
SRR5447519_27_PR,Pieris_rapae,PR_transc,10,Arthropoda,Insecta,12.847065801473496
SRR5447520_28_PR,Pieris_rapae,PR_transc,10,Arthropoda,Insecta,12.829955807791853
SRR5447521_29_PR,Pieris_rapae,PR_transc,9,Arthropoda,Insecta,13.101450173487597
SRR5447522_30_PR,Pieris_rapae,PR_transc,10,Arthropoda,Insecta,12.351279299300783
SRR5447523_31_PR,Pieris_rapae,PR_transc,12,Arthropoda,Insecta,12.357999728134203
SRR5447524_32_PR,Pieris_rapae,PR_transc,9,Arthropoda,Insecta,13.083326510726913
SRR5447525_33_PR,Pieris_rapae,PR_transc,12,Arthropoda,Insecta,12.237384213721922
SRR5447526_34_PR,Pieris_rapae,PR_transc,11,Arthropoda,Insecta,12.468326855596336
SRR5447527_35_PR,Pieris_rapae,PR_transc,9,Arthropoda,Insecta,12.350246515364368
SRR5447528_36_PR,Pieris_rapae,PR_transc,10,Arthropoda,Insecta,12.833647418557803
SRR5447529_37_PR,Pieris_rapae,PR_transc,9,Arthropoda,Insecta,12.446634975480054
SRR5447530_38_PR,Pieris_rapae,PR_transc,10,Arthropoda,Insecta,12.741029105831402
SRR5447531_39_PR,Pieris_rapae,PR_transc,12,Arthropoda,Insecta,12.153067972340596
SRR5458587_0_BG,Blattella_germanica,BL_cockroach_dev,12,Arthropoda,Insecta,13.582048310671285
SRR5458589_2_BG,Blattella_germanica,BL_cockroach_dev,10,Arthropoda,Insecta,14.291509001474427
SRR5458590_3_BG,Blattella_germanica,BL_cockroach_dev,12,Arthropoda,Insecta,13.257392858120681
SRR5458592_5_BG,Blattella_germanica,BL_cockroach_dev,12,Arthropoda,Insecta,13.717166451660132
SRR5458593_6_BG,Blattella_germanica,BL_cockroach_dev,10,Arthropoda,Insecta,14.277966172863563
SRR5947979_0_PH,Parhyale_hawaiensis,PH_transc,14,Arthropoda,Malacostraca,13.102920888304396
SRR5947981_2_PH,Parhyale_hawaiensis,PH_transc,14,Arthropoda,Malacostraca,13.191829414844225
SRR5947982_3_PH,Parhyale_hawaiensis,PH_transc,14,Arthropoda,Malacostraca,13.232336991224312
SRR5947983_4_PH,Parhyale_hawaiensis,PH_transc,14,Arthropoda,Malacostraca,13.293121097803086
SRR5947984_5_PH,Parhyale_hawaiensis,PH_transc,14,Arthropoda,Malacostraca,13.321738485784152
SRR5947985_6_PH,Parhyale_hawaiensis,PH_transc,12,Arthropoda,Malacostraca,13.35165414379192
SRR5947986_7_PH,Parhyale_hawaiensis,PH_transc,14,Arthropoda,Malacostraca,12.907385223865218
SRR6055359_0_DM,Drosophila_melanogaster,DM_heads,14,Arthropoda,Insecta,12.23487080057987
SRR6055360_1_DM,Drosophila_melanogaster,DM_heads,14,Arthropoda,Insecta,12.865093925645292
SRR6055361_2_DM,Drosophila_melanogaster,DM_heads,14,Arthropoda,Insecta,12.033745757360792
SRR6055362_3_DM,Drosophila_melanogaster,DM_heads,14,Arthropoda,Insecta,12.559589554977743
SRR6055363_4_DM,Drosophila_melanogaster,DM_heads,14,Arthropoda,Insecta,12.588624594854695
SRR6055364_5_DM,Drosophila_melanogaster,DM_heads,14,Arthropoda,Insecta,12.661154341974363
SRR6055365_6_DM,Drosophila_melanogaster,DM_heads,14,Arthropoda,Insecta,12.525570776294705
SRR6055366_7_DM,Drosophila_melanogaster,DM_heads,14,Arthropoda,Insecta,12.803739301802555
SRR6055367_8_DM,Drosophila_melanogaster,DM_heads,14,Arthropoda,Insecta,12.48891491452792
SRR6055368_9_DM,Drosophila_melanogaster,DM_heads,14,Arthropoda,Insecta,12.771783766285797
SRR6055369_10_DM,Drosophila_melanogaster,DM_heads,14,Arthropoda,Insecta,12.468493466829724
SRR6055370_11_DM,Drosophila_melanogaster,DM_heads,14,Arthropoda,Insecta,12.395825216232181
SRR6055371_12_DM,Drosophila_melanogaster,DM_heads,14,Arthropoda,Insecta,12.62886513709032
SRR6055372_13_DM,Drosophila_melanogaster,DM_heads,14,Arthropoda,Insecta,12.980594426758396
SRR6055373_14_DM,Drosophila_melanogaster,DM_heads,14,Arthropoda,Insecta,12.789505143395676
SRR6055374_15_DM,Drosophila_melanogaster,DM_heads,14,Arthropoda,Insecta,12.811600432422178
SRR6055375_16_DM,Drosophila_melanogaster,DM_heads,14,Arthropoda,Insecta,12.813698930215887
SRR6055376_17_DM,Drosophila_melanogaster,DM_heads,14,Arthropoda,Insecta,12.275030440583718
SRR6055377_18_DM,Drosophila_melanogaster,DM_heads,14,Arthropoda,Insecta,11.994255575769289
SRR6055378_19_DM,Drosophila_melanogaster,DM_heads,14,Arthropoda,Insecta,11.99522350119301
SRR6055379_20_DM,Drosophila_melanogaster,DM_heads,4,Arthropoda,Insecta,9.14102560695642
SRR6055380_21_DM,Drosophila_melanogaster,DM_heads,6,Arthropoda,Insecta,9.046683165523282
SRR6055381_22_DM,Drosophila_melanogaster,DM_heads,3,Arthropoda,Insecta,10.630608481056521
SRR6055382_23_DM,Drosophila_melanogaster,DM_heads,6,Arthropoda,Insecta,8.704847697598327
SRR6055383_24_DM,Drosophila_melanogaster,DM_heads,4,Arthropoda,Insecta,9.469645041309736
SRR6055385_26_DM,Drosophila_melanogaster,DM_heads,6,Arthropoda,Insecta,8.437233926653372
SRR6055386_27_DM,Drosophila_melanogaster,DM_heads,10,Arthropoda,Insecta,8.157295123468229
SRR6055387_28_DM,Drosophila_melanogaster,DM_heads,7,Arthropoda,Insecta,9.32486354816684
SRR6055388_29_DM,Drosophila_melanogaster,DM_heads,7,Arthropoda,Insecta,8.898581107093676
SRR6055389_30_DM,Drosophila_melanogaster,DM_heads,8,Arthropoda,Insecta,7.978205366151109
SRR6055390_31_DM,Drosophila_melanogaster,DM_heads,6,Arthropoda,Insecta,9.323183054992207
SRR6055391_32_DM,Drosophila_melanogaster,DM_heads,7,Arthropoda,Insecta,9.043581127768698
SRR6055392_33_DM,Drosophila_melanogaster,DM_heads,7,Arthropoda,Insecta,8.752537011485193
SRR6055393_34_DM,Drosophila_melanogaster,DM_heads,8,Arthropoda,Insecta,8.069262832310399
SRR6055394_35_DM,Drosophila_melanogaster,DM_heads,10,Arthropoda,Insecta,8.153899773432688
SRR6055395_36_DM,Drosophila_melanogaster,DM_heads,9,Arthropoda,Insecta,8.496876472200151
SRR6055396_37_DM,Drosophila_melanogaster,DM_heads,8,Arthropoda,Insecta,8.59824849037156
SRR6055397_38_DM,Drosophila_melanogaster,DM_heads,9,Arthropoda,Insecta,8.533866847078773
SRR6055398_39_DM,Drosophila_melanogaster,DM_heads,11,Arthropoda,Insecta,7.141828313366546
SRR6981889_0_CR,Carcinoscorpius_rotundicauda,CR_transc,12,Arthropoda,Merostomata,13.369488316425
SRR6981890_1_CR,Carcinoscorpius_rotundicauda,CR_transc,12,Arthropoda,Merostomata,13.824585911808162
SRR6981891_2_CR,Carcinoscorpius_rotundicauda,CR_transc,10,Arthropoda,Merostomata,14.426466692920155
SRR6981892_3_CR,Carcinoscorpius_rotundicauda,CR_transc,10,Arthropoda,Merostomata,13.816846771874754
SRR6981893_4_CR,Carcinoscorpius_rotundicauda,CR_transc,12,Arthropoda,Merostomata,13.321908229751244
SRR6981894_5_CR,Carcinoscorpius_rotundicauda,CR_transc,10,Arthropoda,Merostomata,12.710781802918145
SRR7232530_24_LH,Linepithema_humile,LH_queen_transc,10,Arthropoda,Insecta,11.877437217887405
SRR8261013_0_AA,Aedes_aegypti,AA_transc,12,Arthropoda,Insecta,13.491580572292632
SRR8261014_1_AA,Aedes_aegypti,AA_transc,12,Arthropoda,Insecta,13.552939255249157
SRR8261015_2_AA,Aedes_aegypti,AA_transc,12,Arthropoda,Insecta,13.89876460882131
SRR8261016_3_AA,Aedes_aegypti,AA_transc,12,Arthropoda,Insecta,13.85686254658269
SRR8261017_4_AA,Aedes_aegypti,AA_transc,12,Arthropoda,Insecta,13.846059435908346
SRR8261018_5_AA,Aedes_aegypti,AA_transc,12,Arthropoda,Insecta,13.908941120347459
SRR8261019_6_AA,Aedes_aegypti,AA_transc,12,Arthropoda,Insecta,13.732129268193447
SRR8261020_7_AA,Aedes_aegypti,AA_transc,12,Arthropoda,Insecta,13.841535702191406
SRR8261021_8_AA,Aedes_aegypti,AA_transc,12,Arthropoda,Insecta,13.889082359444204
SRR8261022_9_AA,Aedes_aegypti,AA_transc,12,Arthropoda,Insecta,13.867426581188417
SRR8261023_10_AA,Aedes_aegypti,AA_transc,12,Arthropoda,Insecta,14.052876882754033
SRR8261024_11_AA,Aedes_aegypti,AA_transc,12,Arthropoda,Insecta,14.076161634999265
SRR8261025_12_AA,Aedes_aegypti,AA_transc,12,Arthropoda,Insecta,13.818219046450203
SRR8261026_13_AA,Aedes_aegypti,AA_transc,12,Arthropoda,Insecta,13.941647694406797
SRR8261027_14_AA,Aedes_aegypti,AA_transc,12,Arthropoda,Insecta,13.803474094824848
SRR8261028_15_AA,Aedes_aegypti,AA_transc,12,Arthropoda,Insecta,13.62779492311872
SRR8261029_16_AA,Aedes_aegypti,AA_transc,12,Arthropoda,Insecta,14.152303878955927
SRR8261030_17_AA,Aedes_aegypti,AA_transc,12,Arthropoda,Insecta,13.967321792047352
SRR8261031_18_AA,Aedes_aegypti,AA_transc,12,Arthropoda,Insecta,13.933678845239326
SRR8261032_19_AA,Aedes_aegypti,AA_transc,12,Arthropoda,Insecta,13.77183448977059
SRR8261033_20_AA,Aedes_aegypti,AA_transc,12,Arthropoda,Insecta,13.934708692177905
SRR8261034_21_AA,Aedes_aegypti,AA_transc,12,Arthropoda,Insecta,14.054162476277702
SRR8261035_22_AA,Aedes_aegypti,AA_transc,12,Arthropoda,Insecta,13.919700249384748
SRR8261036_23_AA,Aedes_aegypti,AA_transc,12,Arthropoda,Insecta,13.840719380817427
SRR8261037_24_AA,Aedes_aegypti,AA_transc,12,Arthropoda,Insecta,14.011282296507376
SRR8261038_25_AA,Aedes_aegypti,AA_transc,12,Arthropoda,Insecta,13.900617884678214
SRR8261039_26_AA,Aedes_aegypti,AA_transc,12,Arthropoda,Insecta,13.960483145435058
SRR8261040_27_AA,Aedes_aegypti,AA_transc,12,Arthropoda,Insecta,13.90101149002213
SRR8261041_28_AA,Aedes_aegypti,AA_transc,12,Arthropoda,Insecta,14.075800563209711
SRR8261042_29_AA,Aedes_aegypti,AA_transc,12,Arthropoda,Insecta,13.872025468230328
SRR8261043_30_AA,Aedes_aegypti,AA_transc,12,Arthropoda,Insecta,14.194237063045776
SRR8261044_31_AA,Aedes_aegypti,AA_transc,12,Arthropoda,Insecta,13.994866435000503
SRR8261045_32_AA,Aedes_aegypti,AA_transc,12,Arthropoda,Insecta,14.025487353659289
SRR8261046_33_AA,Aedes_aegypti,AA_transc,12,Arthropoda,Insecta,13.901302485364617
SRR8261047_34_AA,Aedes_aegypti,AA_transc,12,Arthropoda,Insecta,14.057859509570264
SRR8261048_35_AA,Aedes_aegypti,AA_transc,12,Arthropoda,Insecta,14.049363240708374
SRR8335028_0_AF,Aphis_fabae,AF_transc,13,Arthropoda,Insecta,11.37727169793247
SRR8335029_1_AF,Aphis_fabae,AF_transc,12,Arthropoda,Insecta,11.626705949979218
SRR8335030_2_AF,Aphis_fabae,AF_transc,14,Arthropoda,Insecta,11.507766691366408
SRR8335031_3_AF,Aphis_fabae,AF_transc,14,Arthropoda,Insecta,11.290223091335443
SRR8335032_4_AF,Aphis_fabae,AF_transc,13,Arthropoda,Insecta,11.521002352450024
SRR8335033_5_AF,Aphis_fabae,AF_transc,14,Arthropoda,Insecta,11.76029748441236
SRR8335034_6_AF,Aphis_fabae,AF_transc,14,Arthropoda,Insecta,11.382072447125946
SRR8335035_7_AF,Aphis_fabae,AF_transc,14,Arthropoda,Insecta,11.876625608350384
SRR8335036_8_AF,Aphis_fabae,AF_transc,13,Arthropoda,Insecta,11.669482561285465
SRR8335037_9_AF,Aphis_fabae,AF_transc,12,Arthropoda,Insecta,11.58040393531445
SRR8335038_10_AF,Aphis_fabae,AF_transc,14,Arthropoda,Insecta,11.791421021609825
SRR8335039_11_AF,Aphis_fabae,AF_transc,14,Arthropoda,Insecta,11.235158727294309
SRR8335040_12_AF,Aphis_fabae,AF_transc,14,Arthropoda,Insecta,11.886191395836574
SRR8335041_13_AF,Aphis_fabae,AF_transc,13,Arthropoda,Insecta,11.470199648193075
SRR8335043_15_AF,Aphis_fabae,AF_transc,14,Arthropoda,Insecta,11.526881488556592
SRR8335045_17_AF,Aphis_fabae,AF_transc,14,Arthropoda,Insecta,11.39543799002202
SRR8335046_18_AF,Aphis_fabae,AF_transc,14,Arthropoda,Insecta,11.817113171438551
SRR8335048_20_AF,Aphis_fabae,AF_transc,14,Arthropoda,Insecta,11.134789492649437
SRR8335049_21_AF,Aphis_fabae,AF_transc,13,Arthropoda,Insecta,11.427816840616996
SRR8335050_22_AF,Aphis_fabae,AF_transc,13,Arthropoda,Insecta,11.432893368400967
SRR8335051_23_AF,Aphis_fabae,AF_transc,13,Arthropoda,Insecta,11.263673580842893
SRR8335052_24_AF,Aphis_fabae,AF_transc,14,Arthropoda,Insecta,11.45734534408562
SRR8335053_25_AF,Aphis_fabae,AF_transc,14,Arthropoda,Insecta,11.335561024873462
SRR8335054_26_AF,Aphis_fabae,AF_transc,12,Arthropoda,Insecta,11.553395895742623
SRR8335055_27_AF,Aphis_fabae,AF_transc,12,Arthropoda,Insecta,11.325992530011314
SRR8335056_28_AF,Aphis_fabae,AF_transc,14,Arthropoda,Insecta,11.19166904553116
SRR8335057_29_AF,Aphis_fabae,AF_transc,13,Arthropoda,Insecta,11.536966678760317
SRR8335058_30_AF,Aphis_fabae,AF_transc,14,Arthropoda,Insecta,11.713020640768283
SRR8335059_31_AF,Aphis_fabae,AF_transc,12,Arthropoda,Insecta,11.519919355284799
SRR8335061_33_AF,Aphis_fabae,AF_transc,14,Arthropoda,Insecta,11.294025392761538
SRR8335062_34_AF,Aphis_fabae,AF_transc,14,Arthropoda,Insecta,11.966231023931329
SRR8335063_35_AF,Aphis_fabae,AF_transc,14,Arthropoda,Insecta,11.2563621903646
SRR8335064_36_AF,Aphis_fabae,AF_transc,13,Arthropoda,Insecta,11.476363757809507
SRR8335065_37_AF,Aphis_fabae,AF_transc,14,Arthropoda,Insecta,11.523663363738743
SRR8335066_38_AF,Aphis_fabae,AF_transc,14,Arthropoda,Insecta,11.577837174122084
SRR863596_13_ZN,Zootermopsis_nevadensis,ZN_transc,12,Arthropoda,Insecta,13.817319602738126
SRR863597_14_ZN,Zootermopsis_nevadensis,ZN_transc,11,Arthropoda,Insecta,14.104640446056646
SRR863598_15_ZN,Zootermopsis_nevadensis,ZN_transc,8,Arthropoda,Insecta,13.8602618215227
SRR863599_16_ZN,Zootermopsis_nevadensis,ZN_transc,12,Arthropoda,Insecta,14.222713875114257
SRR863601_17_ZN,Zootermopsis_nevadensis,ZN_transc,11,Arthropoda,Insecta,13.658721613841966
SRR863602_18_ZN,Zootermopsis_nevadensis,ZN_transc,12,Arthropoda,Insecta,13.989331629560562
SRR863603_19_ZN,Zootermopsis_nevadensis,ZN_transc,11,Arthropoda,Insecta,13.956908697017129
SRR863605_21_ZN,Zootermopsis_nevadensis,ZN_transc,9,Arthropoda,Insecta,13.953719867637972
SRR863606_22_ZN,Zootermopsis_nevadensis,ZN_transc,8,Arthropoda,Insecta,14.011470026498715
SRR863612_23_ZN,Zootermopsis_nevadensis,ZN_transc,12,Arthropoda,Insecta,14.04615718324188
SRR863613_24_ZN,Zootermopsis_nevadensis,ZN_transc,12,Arthropoda,Insecta,14.006204404083581
SRR9038785_0_TV,Trialeurodes_vaporariorum,TV_transc2,12,Arthropoda,Insecta,13.699037617006839
SRR9038786_1_TV,Trialeurodes_vaporariorum,TV_transc2,12,Arthropoda,Insecta,13.600462249814306
SRR9038787_2_TV,Trialeurodes_vaporariorum,TV_transc2,12,Arthropoda,Insecta,13.488993575149896
SRR9038788_3_TV,Trialeurodes_vaporariorum,TV_transc2,12,Arthropoda,Insecta,13.694749430310296
SRR9038789_4_TV,Trialeurodes_vaporariorum,TV_transc2,12,Arthropoda,Insecta,13.52804024010666
SRR9038790_5_TV,Trialeurodes_vaporariorum,TV_transc2,12,Arthropoda,Insecta,13.557283845686271
SRR942526_1_AP,Acyrthosiphon_pisum,AP_aphids_transc,12,Arthropoda,Insecta,13.32864867595071
SRR942527_2_AP,Acyrthosiphon_pisum,AP_aphids_transc,12,Arthropoda,Insecta,12.574301541275624
SRR942528_3_AP,Acyrthosiphon_pisum,AP_aphids_transc,12,Arthropoda,Insecta,12.602589663389645
SRR942531_5_AP,Acyrthosiphon_pisum,AP_aphids_transc,12,Arthropoda,Insecta,12.508748987529941
SRR942532_6_AP,Acyrthosiphon_pisum,AP_aphids_transc,12,Arthropoda,Insecta,12.561589010328897
SRR942540_7_AP,Acyrthosiphon_pisum,AP_aphids_transc,12,Arthropoda,Insecta,13.083608735055641
SRR942638_8_AP,Acyrthosiphon_pisum,AP_aphids_transc,12,Arthropoda,Insecta,13.556178859581562
SRR942642_9_AP,Acyrthosiphon_pisum,AP_aphids_transc,12,Arthropoda,Insecta,13.214211811989856
SRR942656_10_AP,Acyrthosiphon_pisum,AP_aphids_transc,12,Arthropoda,Insecta,12.484155581428894
SRR942657_11_AP,Acyrthosiphon_pisum,AP_aphids_transc,12,Arthropoda,Insecta,12.413236076875528
SRR946917_0_AG,Aphis_gossypii,AGos_transc1,14,Arthropoda,Insecta,10.240373472361599
SRR953583_1_AG,Aphis_gossypii,AGos_transc1,14,Arthropoda,Insecta,9.662166209823065
SRR9622126_0_TC,Tribolium_castaneum,TC_whole_trasnc,11,Arthropoda,Insecta,9.349178808111565
SRR9622127_1_TC,Tribolium_castaneum,TC_whole_trasnc,10,Arthropoda,Insecta,8.973015667724335
SRR9622128_2_TC,Tribolium_castaneum,TC_whole_trasnc,9,Arthropoda,Insecta,8.936884945735208
SRR9622129_3_TC,Tribolium_castaneum,TC_whole_trasnc,10,Arthropoda,Insecta,9.647594478338611
SRR9622130_4_TC,Tribolium_castaneum,TC_whole_trasnc,10,Arthropoda,Insecta,9.364933388877713
SRR9622131_5_TC,Tribolium_castaneum,TC_whole_trasnc,8,Arthropoda,Insecta,9.727919097732698
SRR9622132_6_TC,Tribolium_castaneum,TC_whole_trasnc,8,Arthropoda,Insecta,9.368676091248263
SRR9622133_7_TC,Tribolium_castaneum,TC_whole_trasnc,10,Arthropoda,Insecta,9.66942340299978
SRR9622134_8_TC,Tribolium_castaneum,TC_whole_trasnc,10,Arthropoda,Insecta,9.949277822003635
SRR9622135_9_TC,Tribolium_castaneum,TC_whole_trasnc,9,Arthropoda,Insecta,9.669101346736824
SRR9622136_10_TC,Tribolium_castaneum,TC_whole_trasnc,9,Arthropoda,Insecta,8.944913492890977
SRR9622137_11_TC,Tribolium_castaneum,TC_whole_trasnc,10,Arthropoda,Insecta,8.978312945936693
SRR9622138_12_TC,Tribolium_castaneum,TC_whole_trasnc,9,Arthropoda,Insecta,9.606311324514019
SRR9622139_13_TC,Tribolium_castaneum,TC_whole_trasnc,9,Arthropoda,Insecta,9.23688839975385
SRR9622140_14_TC,Tribolium_castaneum,TC_whole_trasnc,9,Arthropoda,Insecta,9.384649239750047
SRR9622141_15_TC,Tribolium_castaneum,TC_whole_trasnc,12,Arthropoda,Insecta,9.197580384702237
SRR9622142_16_TC,Tribolium_castaneum,TC_whole_trasnc,9,Arthropoda,Insecta,9.622148549994158
SRR9622143_17_TC,Tribolium_castaneum,TC_whole_trasnc,9,Arthropoda,Insecta,9.307477725905281
SRR9622144_18_TC,Tribolium_castaneum,TC_whole_trasnc,11,Arthropoda,Insecta,9.229289275509428
SRR9622145_19_TC,Tribolium_castaneum,TC_whole_trasnc,10,Arthropoda,Insecta,9.304328268847579
SRR9622146_20_TC,Tribolium_castaneum,TC_whole_trasnc,11,Arthropoda,Insecta,11.190278467053263
SRR9622147_21_TC,Tribolium_castaneum,TC_whole_trasnc,11,Arthropoda,Insecta,10.8458714200337
SRR9622148_22_TC,Tribolium_castaneum,TC_whole_trasnc,12,Arthropoda,Insecta,10.834917795821914
SRR9622149_23_TC,Tribolium_castaneum,TC_whole_trasnc,11,Arthropoda,Insecta,11.158417452661952
SRR9622150_24_TC,Tribolium_castaneum,TC_whole_trasnc,10,Arthropoda,Insecta,10.814321722574627
SRR9622151_25_TC,Tribolium_castaneum,TC_whole_trasnc,11,Arthropoda,Insecta,11.004195140171419
SRR9622152_26_TC,Tribolium_castaneum,TC_whole_trasnc,11,Arthropoda,Insecta,10.888191111870004
SRR9622153_27_TC,Tribolium_castaneum,TC_whole_trasnc,11,Arthropoda,Insecta,11.261613334507752
SRR9622154_28_TC,Tribolium_castaneum,TC_whole_trasnc,10,Arthropoda,Insecta,11.270731690102412
SRR9622155_29_TC,Tribolium_castaneum,TC_whole_trasnc,12,Arthropoda,Insecta,11.433376129981005
SRR9622156_30_TC,Tribolium_castaneum,TC_whole_trasnc,11,Arthropoda,Insecta,10.796670343568225
SRR9622157_31_TC,Tribolium_castaneum,TC_whole_trasnc,12,Arthropoda,Insecta,11.192754492569977
SRR9622158_32_TC,Tribolium_castaneum,TC_whole_trasnc,11,Arthropoda,Insecta,10.98816217441213
SRR9622159_33_TC,Tribolium_castaneum,TC_whole_trasnc,10,Arthropoda,Insecta,11.0041901857705
SRR9622160_34_TC,Tribolium_castaneum,TC_whole_trasnc,12,Arthropoda,Insecta,11.577918812994469
SRR9622161_35_TC,Tribolium_castaneum,TC_whole_trasnc,11,Arthropoda,Insecta,11.466808132741987
SRR9622162_36_TC,Tribolium_castaneum,TC_whole_trasnc,11,Arthropoda,Insecta,11.39319461826116
SRR9622163_37_TC,Tribolium_castaneum,TC_whole_trasnc,11,Arthropoda,Insecta,10.987010841028239
SRR9622164_38_TC,Tribolium_castaneum,TC_whole_trasnc,11,Arthropoda,Insecta,11.404843211481875
SRR9622165_39_TC,Tribolium_castaneum,TC_whole_trasnc,12,Arthropoda,Insecta,11.182755832092203
SRR9622166_40_TC,Tribolium_castaneum,TC_whole_trasnc,11,Arthropoda,Insecta,11.036741545287647
SRR9622167_41_TC,Tribolium_castaneum,TC_whole_trasnc,11,Arthropoda,Insecta,10.949939298666477
SRR9622168_42_TC,Tribolium_castaneum,TC_whole_trasnc,11,Arthropoda,Insecta,10.951491655052296
SRR9622169_43_TC,Tribolium_castaneum,TC_whole_trasnc,11,Arthropoda,Insecta,11.604919397336442
SRR9622170_44_TC,Tribolium_castaneum,TC_whole_trasnc,11,Arthropoda,Insecta,11.020604155210375
SRR9622171_45_TC,Tribolium_castaneum,TC_whole_trasnc,11,Arthropoda,Insecta,10.823407869593717
SRR9622172_46_TC,Tribolium_castaneum,TC_whole_trasnc,12,Arthropoda,Insecta,11.024989812512798
SRR9622173_47_TC,Tribolium_castaneum,TC_whole_trasnc,11,Arthropoda,Insecta,11.816802962807897
SRR9622174_48_TC,Tribolium_castaneum,TC_whole_trasnc,10,Arthropoda,Insecta,10.916064713372338
SRR9622175_49_TC,Tribolium_castaneum,TC_whole_trasnc,10,Arthropoda,Insecta,10.857603540365554
